filename,hash
gml_GlobalScript_scr_debug_assert_instance_type.gml,cf1520a543f934a4b36450aca6f8246a3c931e778e46675c8c29881ed7ccfbe7
gml_GlobalScript_scr_movement_range.gml,9a795765be32137a1f10ee062d958df49a18331fcbc782768ceb8af0bd29aa53
gml_GlobalScript_scr_movement_range_ai.gml,364cacc66744e8f27e219d561680c97517fc1cd9d59c76a422d8778dccbe51eb
gml_GlobalScript_scr_movement_range_ai_dragon.gml,477c79026f6265eeb451c55a34490468a93529586eedc6e808baf5cda2b6b8c3
gml_GlobalScript_scr_movement_range_hover.gml,5be5fda0f51ea90172a31515c69c008b5025ba84a575679aaa512f5cd004f44c
gml_GlobalScript_scr_movement_range_hover_dragon.gml,7bbab5b7bb75a492b92d1efdaace2c86cff673e7d2dac0d842e63502ab0153fd
gml_GlobalScript_scr_movement_range_zone.gml,8d36a9243e24036ff077eff076aeb67b0ff2ff446f4c02b6bcf30f60fd8cb2fc
gml_GlobalScript_scr_set_attackdisplay_range1.gml,5db8d96ffae10bdca0ed9925b009d69264621d8a58cb4be71923a27f6a8ad058
gml_GlobalScript_scr_set_attackdisplay_range2.gml,fc52e70155a219f1a3a410993e4ec7c66b3c90bfd52714a901bcac94edf276f3
gml_GlobalScript_scr_set_attackdisplay_range3.gml,d5f73a7b907b0517e20ca402e59adb7cb83c6b449c98e42e2d7401c020843264
gml_Object_obj_ai_controller_Step_0.gml,bb9c6b53faed12e4eebf17f1be951a6de63aa9ecba6191b9eae52c98461fa15a
gml_Object_obj_game_Create_0.gml,cddb92c54fc40e84514797019bda8245901e5a9c8cbe9e7565023e37804bdeea
gml_Object_obj_purpleai_controller_Step_0.gml,346feeb1203938d83cd8feba593eebec93b2f4fae0cecf166e94cd37e5fab280
gml_Object_obj_turn_scripter_22_Other_10.gml,fb9a4c71f3c94b0d5ddb23603731eb9674bc3d6092a21122aa7d134d0ca04e6c
